time,x,y,value,cell,ID,model_dem
max,-111.539027777519,36.8493981486232,6643,4863,1,976.037211445313
second,-111.538935184926,36.8494907412029,6607,4756,2,976.042640683609
