time,velocity
0,0
0.0999999999999999,0.406492106673689
