time,velocity
0,0
0.1,0.406492106673689
0.2,0.401864295929785
0.3,0.530840629330183
0.4,0.515755010590198
0.5,0.532014211844158
0.6,0.146635284441161
0.7,0.532013716240696
0.8,0.532012410515757
