time,x,y,value,cell,ID,model_dem
max,-111.539027777963,36.8493981484815,786481,150357,1,977.037211445313
second,-111.53893518537,36.8494907410741,786443,149219,2,977.037221445313
