time,max_velocity_cm_s,vel_cellnumber,max_height_cm,height_cellnumber
0,0,1,0,1
1,0,1,0.012,1
2,5.52142812372477,165265,0.039,162988
2.7379,11.2932049839179,165272,0.067,152697
3,15.613912128098,165272,0.079,162987
3.52225,15.9565526403715,162988,0.103,162987
3.97142,18.5527286811942,165271,0.123,286203
4,19.8972768494147,166414,0.124,286203
