time,height_cm,discharge
0,0,0
1,0.012446,0.012446
2,0.0249645537091714,0.0249645537091714
2.7379,0.0347433898200242,0.0347433898200242
3,0.0172341112051328,0.0172341112051328
3.52225,0.0366019664674115,0.0366019664674115
3.97142,0.0349692927063678,0.0349692927063678
4,0.00238539800754225,0.00238539800754225
4.4169,0.0349531963823854,0.0349531963823854
4.80837,0.0350996839034555,0.0350996839034555
5,0.0183712657760939,0.0183712657760939
