Time_min,time_elapsed_s,mean_rain_cm,mean_surface_depth_cm,mean_infiltration_cm,gauge_height_cm,gauge_velocity_cm_s,gauge_discharge_m3_s,mean_total_rain_cm,total_volume_out_cm,volume_difference
0,0,0,0,0,0,0,0,0,0,0
1,60,0.012446,0.0124459841750786,0,0.012446,0,0.0021,0,0,0
2,60,0.012446,0.0248919524329848,0,0.0249645537091714,0,0.0042,0.012446,0.012446,0
2.7379,44.274,0,0.0248919082572325,0,0.0347433898200242,0,0.0078,0.024892,0.0374105537091714,0
3,15.726,0,0.0248918863442922,0,0.0172341112051328,0,0.011,0.024892,0.0721539435291956,0
3.52225,31.335,0,0.0248918398053847,0,0.0366019664674115,0,0.0117,0.024892,0.0893880547343284,0
3.97142,26.95,0,0.0248917953424,0,0.0349692927063678,0,0.013,0.024892,0.12599002120174,0
4,1.715,0,0.0248917923093986,0,0.00238539800754225,0,0.0139,0.024892,0.160959313908108,0
