time,x,y,value,cell,ID,model_dem
max,-111.539027777963,36.8495833336667,786369,83,1,976.42623953125
second,-111.539027777963,36.8496759262593,786342,74,2,976.426283866276
