timestep,total_rain_cm
0,0
0.1,58.1931960295815
0.2,87.2897940443722
0.3,87.2897940443722
0.4,87.2897940443722
0.5,87.2897940443722
0.6,87.2897940443722
0.7,87.2897940443722
0.8,87.2897940443722
0.9,87.2897940443722
1,87.2897940443722
