timestep,volume,discharge
0,0,0
0.1,1.32175222067297e-05,2.20292036778829e-06
0.2,7.7281929109293e-05,1.28803215182155e-05
0.3,0.000195148709111773,3.25247848519622e-05
0.4,0.000367487610769773,6.12479351282956e-05
0.5,0.000605512071261178,0.00010091867854353
0.6,0.000924962230484882,0.00015416037174748
0.7,0.00134588976939974,0.000224314961566623
0.8,0.00189279490392425,0.000315465817320709
0.9,0.00259487260149065,0.000432478766915109
1,0.00348625832054432,0.000581043053424054
